first_name,last_name,email,gender,ip_address
Baxie,Stollmeyer,bstollmeyer0@domainmarket.com,Male,252.82.166.20
Janot,Haresign,jharesign1@topsy.com,Female,226.146.162.75
Mario,Shawl,mshawl2@soup.io,Male,215.26.37.83
Sheryl,Jehu,sjehu3@cnn.com,Female,98.108.137.182
Danit,Fotitt,dfotitt4@hostgator.com,Female,151.178.234.236
Theadora,de Pinna,tdepinna5@wunderground.com,Female,136.170.89.144
Garrard,Bullivant,gbullivant6@umn.edu,Male,45.23.156.51
Dalis,Polin,dpolin7@ask.com,Male,157.239.54.216
Jon,Korpolak,jkorpolak8@alibaba.com,Male,252.82.166.20
Correy,Souten,csouten9@bandcamp.com,Female,172.57.105.177
Alwyn,Cruikshank,acruikshanka@cam.ac.uk,Male,252.82.166.20
Fawnia,Althrope,falthropeb@drupal.org,Female,117.111.11.224
Kevina,Beesley,kbeesleyc@freewebs.com,Female,180.95.139.5
Pascal,Reignolds,preignoldsd@chronoengine.com,Male,77.227.63.76
Keane,Esome,kesomee@pcworld.com,Male,121.233.121.155
Friedrick,Groarty,fgroartyf@yolasite.com,Male,43.90.88.101
Clayborne,Silkstone,csilkstoneg@apple.com,Male,232.183.62.145
Chloette,McKerton,cmckertonh@myspace.com,Female,28.188.15.162
Juliann,Fomichkin,jfomichkini@sitemeter.com,Female,107.196.35.42
Jordanna,Langelay,jlangelayj@hibu.com,Female,23.148.174.65
Josi,Pischof,jpischofk@google.fr,Female,214.7.14.236
Maurits,Astles,mastlesl@e-recht24.de,Male,93.185.201.240
Raimondo,Pendell,rpendellm@typepad.com,Male,13.152.182.198
Eli,Steptow,esteptown@ihg.com,Male,50.137.248.194
Helge,Garraway,hgarrawayo@ovh.net,Female,106.201.120.172
Hubey,Guerrieri,hguerrierip@amazon.de,Male,176.168.20.221
Rozella,Pybworth,rpybworthq@senate.gov,Female,114.53.62.28
Byrle,Gerlack,bgerlackr@skype.com,Male,131.77.87.74
Agnesse,Bibb,abibbs@theglobeandmail.com,Female,6.51.44.131
Cyrus,Hastelow,chastelowt@google.de,Male,115.41.34.38
Enrichetta,Huertas,ehuertasu@pen.io,Genderqueer,132.83.169.246
Joyous,Matieu,jmatieuv@seattletimes.com,Female,60.8.138.112
Una,Ferraron,uferraronw@creativecommons.org,Female,105.160.188.176
Agustin,Dederick,adederickx@gravatar.com,Male,70.150.126.12
Hobey,Indge,hindgey@nyu.edu,Non-binary,41.107.189.76
Ralph,Coveney,rcoveneyz@mapy.cz,Male,138.13.238.64
Fee,Battey,fbattey10@springer.com,Male,180.255.52.0
Jessie,Harraway,jharraway11@live.com,Female,69.204.6.56
Stormy,Czajkowski,sczajkowski12@nsw.gov.au,Female,48.57.50.83
Nita,Hampe,nhampe13@intel.com,Female,162.137.75.158
Bobbye,Dalziell,bdalziell14@indiegogo.com,Female,96.35.121.196
Laurice,Jancar,ljancar15@merriam-webster.com,Female,194.218.104.181
Bevin,Mac Geaney,bmacgeaney16@bbc.co.uk,Male,171.224.28.125
Nerita,Heynen,nheynen17@cnet.com,Female,242.210.110.214
Nevile,Roly,nroly18@discuz.net,Male,8.66.76.119
Elsie,O'Skehan,eoskehan19@netscape.com,Female,103.58.165.252
Millard,Udey,mudey1a@va.gov,Male,205.126.121.64
Emelyne,Kellock,ekellock1b@amazon.de,Female,35.124.81.207
Henry,Boyes,hboyes1c@biglobe.ne.jp,Male,220.15.214.195
Lorenza,Sambrok,lsambrok1d@reference.com,Female,15.36.185.122
Dulcie,Delamaine,ddelamaine1e@ezinearticles.com,Female,133.232.225.141
Levon,Poker,lpoker1f@flickr.com,Male,64.76.6.131
Kilian,MacBean,kmacbean1g@yelp.com,Male,65.10.135.203
Conway,Morfield,cmorfield1h@nyu.edu,Male,164.157.201.247
Teador,Conville,tconville1i@wisc.edu,Male,116.137.34.168
Latisha,Heffron,lheffron1j@va.gov,Female,14.145.106.36
John,Koomar,jkoomar1k@123-reg.co.uk,Male,21.51.41.30
Agnes,Kingstne,akingstne1l@goo.gl,Female,187.239.11.4
Renata,Skillington,rskillington1m@opensource.org,Female,4.72.24.176
Orelee,Downe,odowne1n@ocn.ne.jp,Female,118.160.201.209
Hunt,Phillott,hphillott1o@indiegogo.com,Male,181.159.69.94
Delbert,Drewry,ddrewry1p@sohu.com,Male,81.188.25.6
Cassaundra,Atthowe,catthowe1q@canalblog.com,Female,104.130.48.118
Madelle,Pibsworth,mpibsworth1r@redcross.org,Female,194.243.187.89
Stace,Candy,scandy1s@harvard.edu,Female,215.66.96.229
Ruperta,Castagno,rcastagno1t@bloomberg.com,Female,13.40.103.43
Chev,Birtwisle,cbirtwisle1u@mit.edu,Male,210.116.169.219
Lynnette,Pardue,lpardue1v@behance.net,Female,222.120.210.10
Artemas,Freddi,afreddi1w@twitter.com,Male,177.195.173.42
Zedekiah,Rubinsaft,zrubinsaft1x@rediff.com,Male,139.53.191.153
Foster,Waight,fwaight1y@wikimedia.org,Male,249.55.112.82
Peria,McLeoid,pmcleoid1z@va.gov,Female,247.122.6.81
Karena,Simonsen,ksimonsen20@hexun.com,Female,212.241.27.189
Ephrem,Piburn,epiburn21@digg.com,Male,103.171.205.115
Gar,Handling,ghandling22@census.gov,Male,81.6.248.84
Winny,Hannis,whannis23@php.net,Female,56.46.116.213
Petey,Sidle,psidle24@cnet.com,Male,92.41.204.61
Camella,Bickford,cbickford25@ebay.co.uk,Female,33.182.194.22
Chickie,Escot,cescot26@upenn.edu,Male,215.129.199.164
Arther,Daenen,adaenen27@trellian.com,Male,104.200.22.171
Abbey,Redgewell,aredgewell28@php.net,Male,19.142.40.99
Samaria,Crook,scrook29@flickr.com,Female,78.108.143.18
Corbet,Breheny,cbreheny2a@narod.ru,Male,80.121.78.148
Sylvester,Bidnall,sbidnall2b@sfgate.com,Male,15.178.171.33
Anstice,Berzon,aberzon2c@engadget.com,Female,180.158.208.60
Sibeal,Gallally,sgallally2d@yahoo.com,Female,82.148.65.204
Curry,Dulake,cdulake2e@ca.gov,Male,44.129.244.173
Rab,De-Ville,rdeville2f@microsoft.com,Male,65.222.109.112
Holly,Gravell,hgravell2g@cloudflare.com,Female,103.140.41.113
Carri,Limming,climming2h@themeforest.net,Female,162.34.141.190
Hilliary,Wincott,hwincott2i@bbc.co.uk,Female,188.53.181.117
Garner,Martignoni,gmartignoni2j@360.cn,Male,50.57.2.242
Libbey,Rabbage,lrabbage2k@marketwatch.com,Female,86.155.240.75
Nicoline,Loveredge,nloveredge2l@newsvine.com,Female,95.81.36.205
Ado,Chalkly,achalkly2m@google.com.hk,Male,190.84.105.157
Brion,Lage,blage2n@china.com.cn,Male,73.168.54.98
Pammie,Reddan,preddan2o@amazonaws.com,Female,83.28.171.43
Curtis,McMorran,cmcmorran2p@merriam-webster.com,Male,180.168.129.199
Uta,Bucham,ubucham2q@biblegateway.com,Female,208.31.31.222
Sauncho,Dennitts,sdennitts2r@domainmarket.com,Male,44.167.221.9
